<?xml version="1.0" encoding="UTF-8"?>
<Scheme
   LastUpgradeVersion = "1420"
   version = "1.3">
   <BuildAction
      parallelizeBuildables = "YES"
      buildImplicitDependencies = "YES">
      <BuildActionEntries>
         <BuildActionEntry
            buildForTesting = "YES"
            buildForRunning = "YES"
            buildForProfiling = "YES"
            buildForArchiving = "YES"
            buildForAnalyzing = "YES">
            <BuildableReference
               BuildableIdentifier = "primary"
               BlueprintIdentifier = "8B9A4B2729408A5400E6931B"
               BuildableName = "Synthia.app"
               BlueprintName = "Synthia"
               ReferencedContainer = "container:Synthia.xcodeproj">
            </BuildableReference>
         </BuildActionEntry>
      </BuildActionEntries>
   </BuildAction>
   <TestAction
      buildConfiguration = "Debug Dev"
      selectedDebuggerIdentifier = "Xcode.DebuggerFoundation.Debugger.LLDB"
      selectedLauncherIdentifier = "Xcode.DebuggerFoundation.Launcher.LLDB"
      shouldUseLaunchSchemeArgsEnv = "YES">
      <Testables>
         <TestableReference
            skipped = "NO"
            parallelizable = "YES">
            <BuildableReference
               BuildableIdentifier = "primary"
               BlueprintIdentifier = "8B5C953F297EB8FB00DE924C"
               BuildableName = "SynthiaTests.xctest"
               BlueprintName = "SynthiaTests"
               ReferencedContainer = "container:Synthia.xcodeproj">
            </BuildableReference>
         </TestableReference>
      </Testables>
   </TestAction>
   <LaunchAction
      buildConfiguration = "Debug Dev"
      selectedDebuggerIdentifier = "Xcode.DebuggerFoundation.Debugger.LLDB"
      selectedLauncherIdentifier = "Xcode.DebuggerFoundation.Launcher.LLDB"
      launchStyle = "0"
      useCustomWorkingDirectory = "NO"
      ignoresPersistentStateOnLaunch = "NO"
      debugDocumentVersioning = "YES"
      debugServiceExtension = "internal"
      allowLocationSimulation = "YES">
      <BuildableProductRunnable
         runnableDebuggingMode = "0">
         <BuildableReference
            BuildableIdentifier = "primary"
            BlueprintIdentifier = "8B9A4B2729408A5400E6931B"
            BuildableName = "Synthia.app"
            BlueprintName = "Synthia"
            ReferencedContainer = "container:Synthia.xcodeproj">
         </BuildableReference>
      </BuildableProductRunnable>
      <CommandLineArguments>
         <CommandLineArgument
            argument = "-com.apple.CoreData.SQLDebug 1"
            isEnabled = "NO">
         </CommandLineArgument>
         <CommandLineArgument
            argument = "-com.apple.CoreData.ConcurrencyDebug 1"
            isEnabled = "YES">
         </CommandLineArgument>
      </CommandLineArguments>
      <EnvironmentVariables>
         <EnvironmentVariable
            key = "SQLITE_ENABLE_THREAD_ASSERTIONS"
            value = "1"
            isEnabled = "YES">
         </EnvironmentVariable>
         <EnvironmentVariable
            key = "SQLITE_AUTO_TRACE"
            value = "1"
            isEnabled = "NO">
         </EnvironmentVariable>
         <EnvironmentVariable
            key = "SQLITE_ENABLE_FILE_ASSERTIONS"
            value = "1"
            isEnabled = "YES">
         </EnvironmentVariable>
      </EnvironmentVariables>
   </LaunchAction>
   <ProfileAction
      buildConfiguration = "Release Dev"
      shouldUseLaunchSchemeArgsEnv = "YES"
      savedToolIdentifier = ""
      useCustomWorkingDirectory = "NO"
      debugDocumentVersioning = "YES">
      <BuildableProductRunnable
         runnableDebuggingMode = "0">
         <BuildableReference
            BuildableIdentifier = "primary"
            BlueprintIdentifier = "8B9A4B2729408A5400E6931B"
            BuildableName = "Synthia.app"
            BlueprintName = "Synthia"
            ReferencedContainer = "container:Synthia.xcodeproj">
         </BuildableReference>
      </BuildableProductRunnable>
   </ProfileAction>
   <AnalyzeAction
      buildConfiguration = "Debug Dev">
   </AnalyzeAction>
   <ArchiveAction
      buildConfiguration = "Release Dev"
      revealArchiveInOrganizer = "YES">
   </ArchiveAction>
</Scheme>
