<?xml version="1.0" encoding="UTF-8" standalone="yes"?>
<model type="com.apple.IDECoreDataModeler.DataModel" documentVersion="1.0" lastSavedToolsVersion="21279" systemVersion="21G115" minimumToolsVersion="Automatic" sourceLanguage="Swift" userDefinedModelVersionIdentifier="">
    <entity name="PersistedDevice" representedClassName="PersistedDevice" syncable="YES">
        <attribute name="firmware" optional="YES" attributeType="String"/>
        <attribute name="identifier" attributeType="String"/>
        <attribute name="manufacturerName" optional="YES" attributeType="String"/>
        <attribute name="modelNumber" optional="YES" attributeType="String"/>
        <attribute name="name" optional="YES" attributeType="String"/>
        <attribute name="serialNumber" optional="YES" attributeType="String"/>
        <attribute name="soleUser" optional="YES" attributeType="Boolean" usesScalarValueType="YES"/>
    </entity>
    <entity name="PersistedMeasurement" representedClassName="PersistedMeasurement" syncable="YES">
        <attribute name="date" attributeType="Date" usesScalarValueType="NO"/>
        <attribute name="deviceID" optional="YES" attributeType="String"/>
        <attribute name="measurementID" attributeType="String"/>
        <attribute name="name" attributeType="String"/>
        <attribute name="result" attributeType="Double" defaultValueString="0.0" usesScalarValueType="YES"/>
        <attribute name="unit" attributeType="String"/>
    </entity>
    <entity name="PersistedPeripheralData" representedClassName="PersistedPeripheralData" syncable="YES">
        <attribute name="identifier" attributeType="String"/>
        <attribute name="name" optional="YES" attributeType="String"/>
    </entity>
    <entity name="PersistedUser" representedClassName="PersistedUser" syncable="YES">
        <attribute name="age" optional="YES" attributeType="Decimal" defaultValueString="0"/>
        <attribute name="email" attributeType="String"/>
        <attribute name="firstName" optional="YES" attributeType="String"/>
        <attribute name="height" optional="YES" attributeType="Decimal" defaultValueString="0"/>
        <attribute name="lastName" optional="YES" attributeType="String"/>
        <attribute name="sex" optional="YES" attributeType="String"/>
        <attribute name="userID" attributeType="String"/>
        <attribute name="weight" optional="YES" attributeType="Decimal" defaultValueString="0"/>
    </entity>
</model>